smiles,m,sigma,epsilon_k
CCCCCO,4.432481969088606,3.214762413083357,230.5297382875885
CCCC(C)O,3.6828600274608783,3.42633693398078,231.0909818808671
CCC(O)CC,3.78258329954149,3.3769644392696145,227.32524022138415
CCCCC(C)O,3.697979032055155,3.601139974051259,239.91435858260735
CCCCCCCO,3.997908737054559,3.674699856551808,258.3830328897988
CCCCCC(C)O,2.535364757063576,4.307050096766677,288.65178513971733
CCCCC(O)CC,4.27231130411459,3.5829151516355475,241.04578620138224
CCCCCCC(C)O,4.1431703340630825,3.771859952407354,255.0123087115186
CC(C)=O,2.8012147947143733,3.232646078177786,252.4606543422299
CCCC(=O)O,2.1013537502730455,3.988462276625237,314.30110527281073
Cc1ccccc1[N+](=O)[O-],3.763904737770828,3.5465986623756502,314.87249524422896
BrCCCBr,2.8832505289222485,3.6598871409458855,326.96853821941386
ClCCCCCl,3.1472710708105827,3.648964623116024,301.41802911340255
CCC(C)CO,3.2682551471482673,3.567292489968086,245.4481646968458
CCC(C)(C)O,5.384802892422512,2.969942103774877,193.87071025662905
CCCC(C)(C)O,3.733276397007338,3.572101269579611,236.88269115850017
CC(C)CCCO,3.69425622540799,3.612785805317773,246.6890112648559
FC(F)(F)C(F)(F)C(F)(F)C(F)(F)C(F)(F)C(F)(F)F,4.731985622030366,3.666778035903576,175.72449553274507
FC(F)(F)C(F)(F)C(F)(F)C(F)(F)C(F)(F)C(F)(F)C(F)(F)F,5.180042022037492,3.733910783522491,179.95141263780872
CC(C)OC(C)C,3.511317106748188,3.6931158990840425,218.11320162927467
CCC(=O)N(C)C,3.862255332455495,3.396124751788204,283.9737404185896
CN(C)CCCN,2.8449636163785783,3.9453651318313416,290.3014567875997
CCCCC=O,3.337650748428648,3.480259808064037,254.0844864007101
CC(C)CC=O,3.092775858272045,3.5810369431429896,257.1686378389736
C=CC,1.953690491056745,3.5342794172977854,207.77414000112185
Cc1ccc(F)cc1,2.900058992691925,3.7138038419117616,284.5611623714913
CC1COC(=O)O1,3.1380672049441136,3.410919488127476,373.1571276653109
CC(=O)N(C)C,3.337035905723196,3.380563954046571,304.17596091618384
C=CC(C)(O)CCC=C(C)C,3.452428286439401,4.206925706410729,288.0777132164303
OCCCCO,4.074797429446463,3.1589805351076192,292.3588508403114
CCCCOC(C)=O,4.0684731677213115,3.496634249731264,239.44164402510245
CC(=O)OC1CCCCC1,4.353255081837752,3.578068219997091,259.1889429552196
CCCCCCS,3.198145232795663,3.9305170292731018,286.40815898319244
CCCCCCCS,3.7089163419933104,3.8840693709350136,279.2148748534278
CC(C)SC(C)C,3.334913907117846,3.863717807211512,259.5673841768611
CSc1ccccc1,3.349932695874166,3.665729317730394,318.11538388742576
CC(C)CCS,2.9967838987104827,3.818892001409984,276.8923427060822
CCC(C)C,2.5202482664133674,3.8382925486028,233.416266445902
CC(C)CCO,3.596821282286244,3.4635025297875135,239.91366874477953
CCC(C)=O,3.0087349851181733,3.3882963517692795,256.13069696670584
CCC(=O)CC,3.4105392394304404,3.443347744534697,251.38880967389449
CCCC(=O)CC,3.639036686303161,3.5565843076769283,254.14997946703264
COc1ccccc1,3.3587319672541733,3.5426795261929387,290.3147209770682
CCOc1ccccc1,3.914991205845252,3.5376697394053167,274.4278146475318
c1ccc(Oc2ccccc2)cc1,3.330235305653942,4.098643438338563,356.03816809485164
CF,2.0705076436632615,2.881525585030599,181.21942404170505
CC=O,1.8815217442791867,3.376127128882297,289.8067922077588
CCOCC,2.9667512881564764,3.499097147222404,220.5243498662005
CCC=O,1.9923365282842975,3.624485110772553,300.9715489940013
C=CCCC=C,2.7388645848768944,3.80740660684638,246.51338640914616
CC(C)=C(C)C,2.842144645196096,3.7769590526057457,252.4292085751309
ClCl,1.4926795176041674,3.4118881177929796,271.6744910131863
ClC=C(Cl)Cl,2.482300543483344,3.626463929698381,292.3149469587839
ClC(Cl)C(Cl)Cl,3.1929429140118812,3.5521323027551595,293.6837921151697
C=CCCCC,2.9944261136829793,3.751951020393894,236.74665500194743
C1=CCCC1,2.3191478681296873,3.648437311443362,265.9599305225257
CC(=O)OCC(C)C,4.195100793973184,3.4565380490200086,229.39771461834312
C1=CCCCC1,2.471749966404516,3.7836524736852417,285.9423024459562
CCCCC(=O)OC,3.7509682789845633,3.5915210529582664,250.33392629874115
CCC1CCCCC1,3.0148084197236233,3.996650010378408,283.36758210113794
CCCC1CCCCC1,3.409050625414567,3.9892470145352874,279.6548107594904
CC(C)C1CCCCC1,3.2774470396899997,4.0284483350692275,284.41159081277004
CCCCC1CCCCC1,3.838863365368652,3.969751868047339,275.8002665814169
CCCCCCCC1CCCCC1,6.895131999409207,3.5348225977085637,233.0740363743251
CCCCCC1CCCCC1,4.673197541510584,3.828151574145211,260.33247788741517
CCCCCCC1CCCCC1,5.092538908087079,3.831088554437619,259.9028931868031
CCCCCCCCC1CCCCC1,7.758623764051302,3.4796798578004573,228.20708324494072
COCCOCCOCCOCCOC,6.071518881869521,3.7004171140788342,264.74346874775085
CCC(C)(C)S,2.646163512035954,3.996777709942413,280.01728826099105
O=C(O)CF,1.6090226279029207,3.665476788458935,272.34408793194757
FC(F)(F)C1(F)C(F)(F)C(F)(F)C(F)(F)C(F)(F)C1(F)F,4.3189055857366245,3.80759764742143,195.15644493929028
C[Pb](C)(C)C,3.1765706643916696,3.8428259703229575,261.01092858115084
ClP(Cl)Cl,2.270630307241243,3.696164544086187,297.9035150375834
CC(C)CCOC=O,3.992427568144919,3.514704361034086,238.42862551180755
CC(C)COC=O,3.6366858976788192,3.461795688755924,236.04710363835983
CCCOC(=O)CC,4.135600145611086,3.4730949615957307,235.54938630959228
CCCC(=O)OCC,3.9509220187971823,3.5314413325884537,240.1825677034631
ClCCl,2.4320704010574237,3.2210757191695674,263.4261763833726
FC(F)(Cl)C(F)(Cl)Cl,2.7532866484612866,3.7744025262387506,236.9981104594086
CCF,2.321559307480234,3.163380308439378,199.9717898486566
CCCCCC#N,3.623484041450161,3.5772422988817505,279.3350255384838
CCCCCCCC#N,4.26763565819269,3.686301521399423,276.11731215943325
FC(F)(F)P(Cl)Cl,3.8893128765680567,3.2300372600305973,191.74237308095613
CC(C)C(C)(C)O,3.1121491575003506,3.8042472769197864,249.8583748104436
CCC(C)C(C)O,3.624115001161462,3.601791992858706,242.36944244709815
C1CCC1,2.1924225198958736,3.5877701831961177,247.53914970819213
C=C(C)C,2.2771579327116545,3.6405561905924033,222.07407281987855
C/C=C/C,2.3347591133661343,3.612016246502853,225.8659740569912
C/C=C\C,2.384309536190128,3.5595589147423343,226.21516804498944
FC(Cl)(Cl)Cl,2.2773096655316047,3.684885175249179,249.4829113822947
CCC(C)(C)CO,3.220070204225251,3.7643664460248742,258.86473752805426
CCC(CC)CO,3.3809299677800753,3.7008993112337887,262.0845388835886
CCC(C)(O)CC,3.7321435883992526,3.5551883330098817,242.86549581981083
CC(C)CC(C)O,3.2970386160632343,3.758536429835727,249.9387728985305
CCCC(C)CO,3.404990195832002,3.7085144421949208,258.68772678565495
CCCCCCl,3.249322527455677,3.657592084498487,259.0538541844388
C=C=C,1.8694253219466648,3.444193266211195,230.10741934513376
CC(=O)OC(C)C,3.760233556892722,3.422149117960798,227.51291939962152
CNc1ccccc1,4.188925209245469,3.30327859314552,284.9615265484771
CN(C)c1ccccc1,3.842500239031808,3.580383160363486,292.79694264530406
CCNc1ccccc1,4.367773143821904,3.4251268207899104,280.55559493936744
CCN(CC)c1ccccc1,4.855378627105663,3.5691673328055726,267.9831159828012
COC,2.2899934977382665,3.2406774471680513,212.43210901593636
FCC(F)(F)F,3.222003466529274,3.0210625958616992,171.3126582053992
C1CCNC1,2.9965515809258587,3.3165172643055403,262.2042460129385
CCCSSCCC,3.9831464660433062,3.7880477726677713,283.19571444498695
CCC(C)S,2.68696232550258,3.7621290761613033,272.25071327884825
CC(C)CS,1.2537933736115732,4.999999999614689,394.36925965236344
c1ccncc1,2.65103066272745,3.4608510271109125,307.97238675338997
CCCS,1.6195858820430211,4.2654423271866575,335.43652863733087
CC(C)S,2.389788389946504,3.6890942746952646,267.54272641420647
C=C1CCC2CC1C2(C)C,2.9213542120329423,4.1990383753904705,310.22178033988536
C[Si]1(C)O[Si](C)(C)O[Si](C)(C)O[Si](C)(C)O1,5.516258060906614,4.190633754232562,217.08169267644593
CCSCC,2.8655914619908596,3.674697725033574,268.5296057823238
CCSSCC,3.2651271515606712,3.7249588017981985,291.0673993666806
CCS,1.0000000000115643,4.720662136377073,380.007921081016
C/C=C\CC,2.7808619383986977,3.618411786634349,229.73129771942564
CSSC,2.542471977065132,3.6173290479042217,307.7576815431878
CCc1cccc2ccccc12,4.149751225819319,3.761340404504101,316.8383577532212
CCc1ccc2ccccc2c1,3.7486745037465994,3.9219979872685986,333.8087780451631
CC(C)c1ccc2ccccc2c1,4.004576233760597,3.967825777491445,325.5075311390458
CC(=O)C=C(C)C,3.296357291447624,3.608339083391498,273.4943726138357
CC(C)CC(=O)CC(C)C,4.518783623720943,3.740020780232315,245.85784179574503
CC(C)CC(O)CC(C)C,3.291321223964984,4.249653431571817,273.66359036859
CC(O)C(C)O,4.710406774142136,2.992961118164967,250.5988991676475
CN1CCCN(C)C1=O,2.971967450781591,3.894928193162832,379.0550137919729
CN1CCN(C)C1=O,2.494361560395837,3.9851810270356127,405.2500738177365
CC(=O)OC(C)=O,3.8958201548887,3.1997351845513133,261.13576630255983
Cc1ccnc(C)c1,3.409206336940218,3.5936784009364664,289.3604216189061
Cc1cccc(C)n1,3.3329916187886175,3.617855090757357,282.6490166812831
Cc1cncc(C)c1,3.297299772235136,3.630964900494239,304.8261391601012
C1CCC(C2CCCCC2)CC1,4.134263731486438,3.995791070380774,299.4219588518455
C#CCCCCCC,3.952532524313976,3.6630930811112896,240.67450442391944
C#CCCCCCCC,4.234483955404251,3.723134206326224,245.36708053288768
C#CCCCCC,3.745572562873224,3.565733979864759,233.09947937048307
C=CC=C,2.2538694266972485,3.5720269724480067,227.64788750964152
Cc1ccccc1N,2.763919717608394,3.8514090619765495,349.1644452925918
Cc1cccc([N+](=O)[O-])c1,4.087150284595596,3.4534137383284302,302.651162138687
Cc1cccc(N)c1,3.4571702110612104,3.558114617453107,316.80614270835116
Cc1ccc(N)cc1,3.6068777804976264,3.4969082631605968,309.86221756052146
Cc1ccc(N)c(C)c1,3.026050840505512,3.922313624196827,338.9743867701336
CCOC(C)OCC,3.627820603337813,3.714460603842036,237.54829430083532
COC(C)OC,3.3216477921782985,3.427565621824192,227.5975916417243
COCOC,2.9869420251065995,3.3329147709104356,228.7325471297867
CCOCOCC,3.6292412288075218,3.53936818487919,229.55470262566016
CCCCC#N,3.0109349672663166,3.622983601346352,293.3444039296807
CCCCCCC#N,3.6025517697080645,3.755588825752885,291.30709980178847
C=CCC#N,2.6821546911182708,3.450095415669849,306.2946221545822
CCOC(=O)c1ccccc1C(=O)OCC,6.1307556459507735,3.579965370833894,277.82638382036953
O=C(O)C(F)(F)F,3.7449945072430024,2.971151337766955,225.26812096833316
FC(F)(F)C(Cl)Cl,2.935487870157479,3.4938993094388096,216.59021904202703
C1COCCN1,2.8357188258313175,3.4964502527983843,300.1708779920631
CCCCOC,3.110151348284428,3.647431676946245,237.9251240108196
CCCCOCC,3.9264082376444938,3.538467379938659,221.37616486172232
CCCOCCC,3.4611062240501433,3.707023678706704,235.23350736892135
CCCCOCCCC,4.3327805944033635,3.723419104617328,236.4166764161372
Cc1ccccn1,3.0427719082382705,3.534134869673295,290.3574705153942
Cc1cccnc1,2.8584642184948974,3.611273508885585,312.1234259860179
Cc1ccncc1,2.920441567619716,3.588338322091049,308.65366128896807
Cc1ccc(C)nc1,3.3569702094250795,3.610036772998811,291.13685321651235
C/C=C/CCC,3.0427581931006564,3.7310847714184994,238.106166458631
CC/C=C/CC,3.0497231789691286,3.728668553021599,237.26515201031023
C=CC(C)(C)O,2.075210936141118,3.925369256325501,156.92878573743425
c1ccc2c(c1)CCCC2,3.296715100088276,3.882156743777984,325.4338460182445
CCCCCCCC/C=C\CCCCCCCC(=O)O,9.877756907257384,3.563807312792625,233.43818301869777
Cc1cccc(O)c1,3.365270787618865,3.5604995780200803,314.65692945741284
O=P(Cl)(Cl)Cl,2.639959434206979,3.594638058184291,298.37470467339256
CCCOC=O,3.238372600465853,3.392984634478733,243.28402856813085
CCCOC(C)=O,3.681185456469099,3.4429939167797725,238.95737321487616
CCCOC(=O)CCC,4.341205826811418,3.5729519022049874,240.0565731080212
O=[N+]([O-])C([N+](=O)[O-])([N+](=O)[O-])[N+](=O)[O-],3.903140435172641,3.438945943053172,247.16487127525647
CCCCCCC=O,3.8420170274457903,3.6607414163491505,262.7296959945083
CC(=O)c1ccccc1,3.685918318414104,3.546077564522381,307.43740012895466
CCC(O)CO,3.866205105797495,3.2167123244874243,277.0647338687504
CC12CC3CC(C1)CC(C)(C3)C2,2.968168047620693,4.420045169029921,332.0122818854188
FC(F)(F)C1(F)C(F)(F)C(F)(F)C(F)(F)C(F)(C(F)(F)F)C1(F)F,4.7648935822849765,3.8179907148258274,198.7818418078698
S=C=S,1.4989467386275888,3.768718814012914,361.7483648087439
OCCc1ccccc1,3.8500836411282577,3.5542969382337977,305.1154861409784
c1ccc([Se]c2ccccc2)cc1,4.445151507399357,3.830803616159571,329.9391174201233
C=CCCCCCCCC,4.372297887400967,3.873735840440858,250.71952332326276
CCCCCCCCCCCCCCCCCC,7.1420750004525075,3.991598299895916,258.1907488725099
CCCCCCCCCCCCCCCCCCC,7.243679380076195,4.0390506363451095,262.3815920191208
CCCN,1.0000000711365382,4.926705621972197,364.75038549062145
CSC,2.2412432395804123,3.4712691234446083,270.09464590949494
COC(=O)CCl,3.824705528818643,3.1345113012540566,259.7196574262485
CCOC(=O)CCl,4.225562137932355,3.23227876080128,251.24105703069583
COC=O,2.7121777897679245,3.058846437063054,241.053764596013
CC(C)OC=O,2.75098021644262,3.614453416118076,256.9701185144143
CCCCOC=O,3.725150362866936,3.4270901573530277,238.33601401075916
CCOC(=O)CC(=O)OCC,6.334150735791554,3.181004865649421,228.80450089573793
CCOC(=O)CCCC(=O)OCC,6.068207380033154,3.468066902781152,249.57455223000633
CCOC(=O)CCCCC(=O)OCC,6.483540339807586,3.4928972755310306,246.5426091018335
CCOC(=O)c1ccccc1,4.384767139983445,3.570550803136147,282.2346667664342
COC(=O)c1ccccc1O,3.7345334209068817,3.6593944090063193,316.59908484736974
Brc1cccc2ccccc12,3.3725471473319133,3.9191150806288815,373.8646570118865
CC1=CCC(=C(C)C)CC1,4.015372352174394,3.784876528960611,277.0488802023474
CN1CCCC1c1cccnc1,3.337067602143196,4.106999835899948,345.12241241763957
CCC(=O)OCCC(C)C,3.5535429465016555,3.997889973696964,275.52845830485126
CCCC(=O)OC,3.71205178520732,3.4206359173400305,238.90126726047245
CCCC(=O)OCCC(C)C,4.601922193193909,3.7731873644559513,249.87499731124248
CCOC(=O)C(C)C,4.025776403653698,3.5082127082848698,230.81190207307833
CCCOC(=O)C(C)C,4.313121417216008,3.582954421870051,234.88420451245133
COC(=O)CC(C)C,4.09008040179135,3.4795859865604095,233.0217962425324
CCOC(=O)CC(C)C,4.235342695028317,3.6049439907373495,237.25219776915495
CCCOC(=O)CC(C)C,4.678830076800336,3.6204587389196305,236.53574279157817
CCCC(C)(C)C,3.0174688919587775,3.9802974498735426,243.29543457568664
CCC(C)(C)CC,2.867894755740978,4.044032460854079,255.71890586838452
CCCCCC(C)C,3.669509865870062,3.8788112746044896,242.39664144524417
CCCCC(C)CC,3.619724501836585,3.888844964211391,245.23970667230353
CCCC(C)CCC,3.6317353670379,3.8781974388730944,244.09898044970075
CCCC(CC)CC,3.5526791746068698,3.8947368471117576,247.7466648183612
CCCCC(C)(C)C,3.3874536682232685,3.981943981269803,245.3522315686725
CCCC(C)C(C)C,3.433821335816004,3.9419773797434137,250.10137433329203
CCC(C)CC(C)C,3.462881508211945,3.963010719669501,244.07351658805337
CC(C)CCC(C)C,3.527530786451203,3.929548642167236,241.72830975708575
CCCC(C)(C)CC,3.2413210011985236,4.018386592858102,255.36266254328635
CCC(C)C(C)CC,3.3701077788983707,3.9528281156286686,254.4640009925096
CCC(CC)C(C)C,3.3170461177779527,3.970999578431393,255.17164111656217
CCC(C)(CC)CC,3.104403900940185,4.062086339089422,266.4563821208785
CCC(C)C(C)(C)C,3.1132660969649946,4.064895851362627,259.6304852018148
CCC(C)(C)C(C)C,3.030365439426893,4.09564170583914,267.2982771303751
CC(C)C(C)C(C)C,3.214505829133751,4.020922605639648,257.81243710368597
CC1CCCC1,2.653839666885296,3.801114131058243,262.76029518238954
C[C@@H]1CCCC[C@@H]1C,2.8953422901438035,4.0373171518988515,288.55975425735926
CCCc1ccccc1,3.4229169720108485,3.817771976233563,283.74612880892846
CCOC(C)(C)C,3.523844173759481,3.6663835672048783,220.98512805749647
CC(=O)CC(C)=O,1.9648758816562408,4.19443071532676,382.2234864440173
CCC(CC)CC,3.173306491788499,3.8906753226139297,247.736389080716
CCCCC(C)C,3.305126605705627,3.867276435077531,239.40860881518208
CC(C)CC(C)C,3.1269122223802284,3.935458890254417,239.49726414637928
CCC(CC)(CC)CC,3.267521457177945,4.123762092441955,276.83960120567895
CC(C)CC1CCCCC1,3.5998883691468255,4.060226380075088,278.840001325681
CC(C)(C)C1CCCCC1,3.4751629395324186,4.082342855537404,284.5630806777237
CCCCc1ccccc1,3.790450496614467,3.840624231067421,281.84429523343505
CC(C)Cc1ccccc1,3.7579865096150056,3.8533198400880457,275.562311456367
CCC(C)c1ccccc1,3.53335072097072,3.926969455725317,286.01551899963454
CCc1ccccc1CC,3.763606672937315,3.822996115122738,284.1977203558452
CCc1cccc(CC)c1,3.857686528979423,3.810504720428316,278.72110561695933
CCc1ccc(CC)cc1,3.797534132020088,3.8370073194831353,282.58237809651246
CCCCCCN,4.6019864511812045,3.3540565829876976,228.24036578294937
CCCCCCCCN,3.6954766246206248,3.976470755464661,275.19717942942566
Cc1ccc(O)cc1,3.9319635715247374,3.3641763888533247,293.9988142541976
CC(C)CC(=O)O,4.598279819560678,3.2230521010716355,250.0495625569846
C=C(C)[C@@H]1CC=C(C)CC1,3.901638554415116,3.837107588453774,274.18150093380166
CC(O)CCO,4.268393552496108,3.1098026771155434,276.1354552332724
OCCOCCO,3.7271790609816815,3.3501033110357983,324.64460219438115
ClC(Cl)=C(Cl)Cl,2.659144752123339,3.727805763591655,305.5786468723228
CCC(C)C(C)C,3.059776066749497,3.9360741094316847,249.96100646458993
CCC,2.0001733462157967,3.614478527523645,208.24465519857392
CCCC,2.3156238007555627,3.711856424979087,223.8008517046311
CCc1ccccc1,3.046105916202763,3.7945569555385017,289.31498529757755
CC(Cl)Cl,2.728224013599013,3.395072596806899,254.3724926024804
CC(C)(Cl)Cl,2.6563162368545985,3.688452863100903,263.04266468862863
ClCCCCl,2.858753548482301,3.5550245595036403,295.2048032350698
CCC(Cl)Cl,2.749107206696243,3.625130600840381,274.1413999793099
C1CCOC1,2.5225250877213288,3.4794388062716974,273.94140858042715
O=C1CCCO1,2.6227341098466432,3.481543046344929,387.14214361947165
CCCC/C(C(=O)[O-])=C(\CCCC)C(=O)[O-],7.357136457432967,3.4959423400705756,243.13553123359088
CN1CCCC1=O,3.2275862087247513,3.4881027328876364,337.40720004631106
CCCO,2.643259281161983,3.3852785164669807,246.9173573144202
CC(C)O,2.814133943862039,3.3180028406674156,226.52976545983063
CN(C)C=O,2.8510776644199347,3.358658884931492,326.9300134172544
CCCCOCCO,4.9039213831340165,3.30358306057198,245.37582095224403
CCO,1.7064501125880822,3.6017584719789117,252.01562302972124
CN(C)CCN(C)C,3.811012468915998,3.7217014058477447,241.3407356103856
CCI,1.89065294222697,3.8552239483157913,331.73360342221235
CCCCBr,2.8711347799286155,3.6695748514230737,275.4746134624164
CC(O)CO,2.279931116469477,3.556526548131502,262.1501669600051
CNC(C)=O,4.43727015377457,2.902803183294671,290.53418001896193
CNC=O,3.429311365691191,2.9104217783777746,337.2046380084558
CC/C(C)=N/O,3.5589199130537494,3.3408960779257435,262.6035097352477
C=CCCCCCCCCCCCCCCCC,8.0961605734196,3.7944327876129815,244.3132198332437
Cl/C=C/Cl,2.324196476893589,3.491460063147847,272.8999284589767
ClCC(Cl)Cl,2.9861318751466985,3.4615500839286284,283.19617491523513
CCOC(=O)Cc1ccccc1,5.106838546565865,3.5085401904766655,268.2947009911061
COC(=O)c1ccccc1,3.895146545947893,3.5523139082427866,294.6695720943284
Cc1ccccc1O,3.827990754487681,3.3728678940010193,293.1668358504625
CCCCC(CC)CO,3.66917489258658,3.924387310290691,268.8981323901087
O=Cc1ccco1,3.332181018080479,3.2581666720349327,304.3114863082037
CCCCOCCOCCO,3.828291655912638,4.009027382076902,289.55203106572986
FC(F)(F)C(F)(F)N(C(F)(F)C(F)(F)F)C(F)(F)C(F)(F)F,5.025054263285074,3.6874719987330367,176.9342135651798
OC(C(F)(F)F)C(F)(F)F,1.0000000000027027,4.994046498747565,134.82149052375627
COC(=O)OC,3.2659334534165243,3.2372217298630614,254.0446655377503
Clc1ccccc1Cl,2.9450085588013177,3.767442753553692,331.8477595786678
COC(C)(C)OC,3.2352882325743404,3.651875503208673,239.0355802435329
C1=CC2C3C=CC(C3)C2C1,3.1839582355282303,3.886156509283329,307.4728301963194
CC(C)(C)C(C)(C)O,3.3073839562054155,3.865458471973068,259.7475424885342
C1CCCCCC1,2.6924035748533752,3.932682392178127,296.196473934991
CCCCCC(C)=O,4.093680221194575,3.5822587065006064,253.51701964691483
CCCCC(=O)CC,4.176750903850685,3.5473336492201257,248.72849005076344
CCCC(=O)CCC,4.022182568073516,3.5972296018081034,251.52396268197776
CC(=O)CC(C)C,3.4843925816109147,3.622529565133446,254.2837443552538
Cc1ccccc1Cl,2.983620773024714,3.782652505435754,311.70613703070643
CC(=O)CCC=C(C)C,4.592662028251765,3.5200239784950633,250.3386531858559
ClC1CCCCC1,2.5494605261326773,4.015164415717768,326.2530155372148
COP(OC)OC,2.8724127196150633,3.80739248067808,280.6746133081624
C1CCCCCCC1,2.934370882859715,3.974845817180679,304.0963354612188
ClCC1CO1,3.2276423054506234,3.197490760621524,277.1515753718254
COCC(C)O,4.23939235054658,3.1195785483437617,237.5515517647249
CC(CC(C)(C)C)CC(C)(C)CC(C)(C)C,5.0961977050206615,4.276963506165687,264.40716570016986
C[Si](C)(C)O[Si](C)(C)O[Si](C)(C)C,5.158040012094619,4.16684445264627,213.06369190886224
c1ccc2sccc2c1,2.944370002671048,3.8319269983846502,362.8841566128855
C1CCCCCCCCC1,3.250530265114405,4.134603523075579,318.82910925018115
C1CCCCCCCCCCC1,3.696894358328192,4.214382677058147,320.3629230039943
O=C1CCC1,2.6574173851874825,3.3681344587827233,295.3397321780269
O=C1CCCCCC1,3.176598703696647,3.731749898645528,316.25073361422403
O=C1CCCCCCC1,3.2583747102139027,3.861162533007024,323.9713965229558
O=C1CCCCCCCCCC1,3.6755329080784,4.09817656910621,333.5158990260725
O=C1CCCCCCCCCCC1,3.928645149038765,4.129769382967212,331.8272021756348
CCOCCC#N,3.7866280432476658,3.414982409941161,281.97638865522936
ClCc1ccccc1,3.835862447396061,3.4560949577225637,285.23511870648315
CC[Ge](CC)(CC)CC,4.020474284975949,4.00633986672664,257.0307601641201
CCC[Ge](CCC)(CCC)CCC,6.091599207422163,3.856672774325699,237.45470301774537
CCCC[Ge](CCCC)(CCCC)CCCC,7.3294899238029005,3.931830919576451,239.18010131386836
C=C/C=C/CC,3.1342729761381345,3.622631361115551,238.65214135711807
C=CC/C=C/C,2.789544328256726,3.781678764335408,249.0359840534464
C/C=C/C=C/C,2.882734149212296,3.7320346235827255,258.4668308062985
C=C/C=C\C=C,2.6581189692369485,3.708964791824698,273.12403441578147
C1=CCCC=C1,2.4396555525651946,3.723362463208865,287.59889231678574
C1=CCC=CC1,2.697322812253842,3.5858065987121344,278.905576247427
O=C1CCCN1,5.456960337721035,2.718953679946304,287.8113107876398
C=CCCCCCCC,4.184105310975172,3.80377781499051,243.22941171051036
CC=NO,1.6631221575955994,3.760932764738242,318.68954399521886
CCCCSC,3.2435957184221396,3.710191428803424,269.99594848212854
CSC(C)(C)C,2.9134945802800587,3.851582486632189,267.3015138202343
CCC(C)CCO,3.1410073892395474,3.81305387856203,259.4133970633329
CCCCCC(=O)O,5.256518794045729,3.223087747198401,245.7926628487866
CCCCCCCC(=O)O,8.700537006534251,2.9034425538906636,216.35866844546575
C/C=C(/C)CC,3.044707566540039,3.7015959969164607,240.58165499812569
C/C=C(\C)CC,2.9246289227345783,3.755200559140195,243.80761188686188
C=C(C)C(C)C,2.912489769638745,3.769828056488351,234.5194366082664
C=CC(C)(C)C,2.664799764479684,3.9137886368327295,234.13977336699145
CCSC,2.625404161343514,3.548226140201921,265.6486238686549
C=C[Si](OCC)(OCC)OCC,5.720536077326255,3.6272034650164446,213.45089239594543
CCCCCCCCC#N,4.218711509559761,3.841370062551886,289.70498767927177
CCOCCOCCO,3.90080757373579,3.672151400541044,282.0794878907162
CC(=O)OCc1ccccc1,4.16530241477531,3.6328764917651704,292.3619984898829
C1CCC(NC2CCCCC2)CC1,4.531962640227373,3.957859161247014,294.4689019509724
SS,2.755198522936561,2.897301506667024,257.7278604613456
CC(C)(C)Cl,2.3415824473236393,3.904780848513101,264.81688290891975
Cc1cccnc1C,3.3431479094566563,3.5983860695037087,294.81642906161153
Fc1ccc(F)cc1,2.9797054901831195,3.512271111289735,262.5129550065874
Ic1ccccc1,2.726962089536899,3.8728528226799135,353.43384686486024
Clc1cccc(Cl)c1,2.937480755286384,3.7831513948448543,326.35730075168186
CC(C)C(=O)C(C)C,4.293344927561357,3.509944653548301,231.21950722392495
CCC[N+](=O)[O-],2.926293298908279,3.4717477100908143,292.5788162813988
CCCCCOCCCCC,4.84332567031248,3.8333771781603856,246.12954889557167
CCCOc1ccccc1,4.130881247055044,3.6305707865734775,275.73654274788265
CCCCOc1ccccc1,4.170963629163364,3.7712732966047366,283.85541828337045
CCC(=O)c1ccccc1,5.261191502240453,3.261789997931931,261.2361672657871
CC(O)c1ccccc1,4.229927893165823,3.4076665253145646,279.09388513592796
Nc1ccccc1Cl,2.7616328350536,3.8216905883048087,362.7251909617115
CCSC(C)(C)C,3.212737569315032,3.905944851048836,265.3187776548564
CCCSCCC,3.713189100141802,3.708377516210895,260.84935310461015
CCCCSCC,3.624186665497305,3.74267870637903,265.341663052741
CCCCSCCCC,2.403687735130714,4.686188204444609,364.1951976129691
CC(C)SSC(C)C,3.7376103206824776,3.878653797141987,279.6760095096655
CCCCCCCCS,2.7083727040579726,4.538187726671076,331.26025622725774
CCCCCCCCCCCC(=O)O,8.645343331652986,3.300875593573804,238.36338324101968
CCCCCCCCCCCCCC(=O)O,7.679349492384201,3.627372278051322,255.7719360318864
CCCCCCCCCCCCCCCC(=O)O,8.008837577320321,3.711241256578072,264.7375260102607
CCCCCCCCCCCCCCCCC(=O)O,8.553853571506638,3.69633345429467,260.19101961079275
CCCCCCCCCCCCCCCCCC(=O)O,7.878282223381836,3.884369804776985,273.9442088085076
Cc1ccc2c(C)cccc2c1,4.010765881287211,3.81974838051176,326.46355046506113
CCCCCCCC(C)=O,4.680023596227478,3.7027365051600136,257.7669815429735
Clc1cccc(Cl)c1Cl,3.34432120777434,3.733068675802653,335.55632453703515
Clc1cc(Cl)cc(Cl)c1,3.5054278549765696,3.694298007843939,318.1704745361508
CC12CCC(CC1)C(C)(C)O2,3.5888787055560187,3.996001673593212,284.08575799619075
C1CCNCC1,2.5669962169928917,3.751763674055464,294.8209154621515
C1COCO1,2.8741470572359216,3.1695094407994873,265.7761939225492
CC1CCCO1,2.7458837854111,3.641362674698427,266.51322390611085
Cn1c2c(c3ccccc31)CCCC2,4.525927528924473,3.817449013899765,348.00067930147736
OCC(F)(F)C(F)(F)C(F)(F)C(F)(F)C(F)(F)C(F)(F)F,4.357060690384405,3.960603591664123,208.50469338378588
CC(C)OC(=O)CCC(=O)OC(C)C,6.733185051518804,3.4535370153139917,229.93489143249812
CNCCO,1.9615481765435523,3.8899512953819615,315.12102891468567
CCCCS,2.7225160917768703,3.7478302362320015,279.9698306510941
FC(Cl)C(F)(F)Cl,2.937398466668389,3.4940650591821116,218.34115448106297
ClCCOCCCl,4.208568686196509,3.3618450736308167,271.5605009298793
c1ccc2ncccc2c1,3.197245964088023,3.763903027985013,357.77719652913794
[2H]C([2H])([2H])C(=O)O,2.859410618854481,3.009137639708223,305.34427437177396
FC(F)(F)C(F)(F)C(F)(F)N(C(F)(F)C(F)(F)C(F)(F)F)C(F)(F)C(F)(F)C(F)(F)F,6.063352607452271,3.8571623348576622,187.6149833662706
FC(F)(F)N(C(F)(F)C(F)(F)C(F)(F)C(F)(F)F)C(F)(F)C(F)(F)C(F)(F)C(F)(F)F,6.166605657671643,3.837826536938106,188.66449695191923
CCCCOC(=O)CC,4.462608937095871,3.5357654164201753,237.96251232536056
c1ccc(Sc2ccccc2)cc1,4.089486534017668,3.899035264395718,340.936772163725
ClC1CCCC1,2.8880800628281076,3.638169909428542,284.9637108822396
CC(=O)CCCC(C)CCCC(C)C,2.725538823302692,4.999999999975428,392.99264259598186
OCC(F)(F)C(F)(F)C(F)(F)C(F)(F)C(F)(F)C(F)(F)C(F)(F)C(F)F,3.97699883263226,4.39178828446552,253.88120611393788
OCC(F)(F)C(F)(F)C(F)(F)C(F)(F)C(F)(F)C(F)(F)C(F)(F)C(F)(F)C(F)(F)C(F)F,3.34565493443821,4.999999999959933,275.85103039613364
CCCOC(=O)CCC(=O)OCCC,2.3555103791175047,4.999999999496222,412.564468909764
FC(F)OCC(F)(F)F,3.760421332534882,3.2348865254029406,190.03093929247163
CC12CCC(C1)C(C)(C)C2=O,3.730093899013095,3.91097889441932,290.2719114281936
CC(C)[C@@H]1CC[C@@H](C)C[C@H]1O,4.610200613345663,3.754729411894996,269.83868671403246
Oc1ccc(Cl)cc1Cl,3.0245620960750417,3.796998936455256,348.20062029255354
CCCCCc1ccccc1,1.9913849606526264,4.999999992908145,414.807677952305
CCCCCCc1ccccc1,4.383993435041013,3.918323227790614,282.29835009176355
CCCCCCCCCc1ccccc1,5.329138392428015,3.982309483952028,281.5021318289557
Cc1ccc2ccccc2c1C,3.977757302718878,3.811184956590947,329.7429209915887
CC[N+](=O)[O-],2.560350143795383,3.3768889689524095,312.44340517595987
CC(C)[N+](=O)[O-],2.632926455783706,3.608572856239107,305.80876758760974
CCCC[N+](=O)[O-],3.376370999842755,3.5112451663319924,277.53369822570767
CC(C)(C)S,1.89505984742917,4.314487098819562,300.1045362605484
CCC(C)Cl,2.6064711220436907,3.7439915760857607,263.944235790558
CC(C)CCl,2.640348781516546,3.719434108769319,262.60795596028197
CCC(Cl)CC,1.3576022982528606,4.999999988782209,418.2552675394772
CCCC(C)Cl,1.4483950217285928,4.881876507783337,400.5006571048146
CC(C)CCCl,1.361261289106551,4.999999945599533,417.6197951716955
CC(C)CCC#N,2.3686440660411896,4.157079643778213,345.91051004207736
CCCCCCCBr,4.35454539388564,3.650021925916751,260.40947551938586
Cc1cccc(C#N)c1,1.4764552341144903,4.940706897345999,523.4448824269582
N#CCc1ccccc1,3.6503921667278414,3.5637590541828015,330.62102808956644
CCCCCCBr,3.5174253267751854,3.782164964815902,277.1972849350076
CCCCCCC=C(C=O)CCCCC,6.368876246401386,3.7844099533585673,259.73981684421494
CC(C)C(C)CC=C(C=O)C(C)C(C)C,5.476533895598995,3.956237534913024,268.12031351769156
CCCCCCCC(CCCCC)CN(C)C,6.761555116813473,3.9575797652796623,247.90888773720388
c1ccc2cnccc2c1,3.1386677542736727,3.785660799174834,366.122595239972
COCCOC(C)=O,4.80285987172298,3.191240984064819,233.845700943508
C[Al](C)C,4.302177970390764,3.123178940261905,239.08905769124345
O=[N+]([O-])c1ccccc1Cl,2.877971465529501,3.876303038040402,384.2194859150389
O=[N+]([O-])c1cccc(Cl)c1,3.4260286981314105,3.637713547225001,342.38731933324704
[2H]OCC,1.8296960245203464,3.492299544868292,223.78476622433152
CCCC(C)CC=O,4.0957408823177754,3.572163793446872,248.7694971453119
CC(C)C(C)CC=O,3.3632036834784604,3.817013765060928,276.4731816746356
CC(C)C#N,2.6688028927352683,3.5683473338705385,291.26607833313494
COC(=O)C1CCC1,3.045778741162841,3.7290670796769927,290.22273949857924
C=CC(=O)OC,2.837046808627938,3.4696140328410188,265.1782349709812
c1ccoc1,2.4731225007653874,3.330710652709258,250.08529781650833
Sc1ccccc1,2.2848835506197105,4.02714915202254,363.7478488407706
CN1CCCCC1,2.511915222756631,4.0199135557591195,296.6398867051818
CN1CCNCC1,2.338489928912036,4.073052714415276,326.088775176749
Cc1ccc2ccccc2n1,3.919319701369518,3.6662068524122464,324.2020268248456
Cc1ccc2ncccc2c1,3.4830255814765687,3.825830179643387,352.1245340343286
CCC(C)OC(C)=O,4.008623075955346,3.541158257143283,230.83829269660913
NCc1ccccc1,1.727667770439707,4.561773489688296,437.0969927764111
C=CCOc1ccccc1,3.861079697413047,3.664014592701871,288.7011722909782
COC(=O)CC(=O)OC,6.751133922066132,2.8308983693157708,217.71567533698055
CC1CCCCC1=O,3.3117332020000214,3.700392081278268,296.8284522164877
OC1CCCC1,2.8727605503815967,3.550527239151271,283.6551158801209
CCCOC(=O)c1ccccc1,4.669857049520369,3.634308623377283,280.81366869825905
CCCCOC(=O)c1ccccc1,4.833294220281587,3.722916105266907,283.807785235044
CCCCCCOC(C)=O,4.897124123284953,3.564352972291514,239.10968434870625
CCCCCCCOC(C)=O,5.262774100458159,3.5997976115022747,240.42554716004827
ClCBr,2.2581286962739595,3.3914472100479505,300.36845953541507
OCCN(CCO)CCO,4.051077933631581,3.6557188852120968,333.6030393852035
BrCCc1ccccc1,4.411895497252921,3.498315789114834,285.19945427775565
CC(C)(C)N,2.831414235855088,3.613528718205055,229.5847275610404
CCCCCCCCc1ccccc1,5.353028251686891,3.872199640659632,272.25596482904405
NCCNCCN,4.12713853550666,3.329548341431886,292.79210033749143
CC(O)CC(C)(C)O,5.885444497081464,3.110880070421803,233.6144582723387
FC(F)(F)C(F)(F)C(Cl)Cl,3.2613528614337723,3.659022710925642,215.81583503213292
FC(Cl)C(F)(F)C(F)(F)Cl,2.5432095311477996,4.004634500740924,250.12039222834736
CC(C)OCCO,1.5907327538432166,4.724464692804338,345.68997392630246
COP(=O)(OC)OC,4.26129856086394,3.348464857570862,281.1903450947175
CCOP(=O)(OCC)OCC,6.155975588624534,3.34525750511239,236.39359549119152
CCCOP(=O)(OCCC)OCCC,6.326206574555063,3.639921506149788,249.58445660259653
CCCCOP(=O)(OCCCC)OCCCC,6.6995161547364255,3.844745426368556,256.30115976616116
CCCOCCO,3.042353818832999,3.760433348704351,288.50391448760263
COCCOCCO,2.973347297943305,3.860154429074591,308.2168269921747
CCCCC(C)=O,3.7188730340515574,3.5330854276690493,253.55544995707027
CCCCC(=O)CCCC,4.713907667847627,3.679505737919597,253.62127156331076
CCCCCCCCCC(C)=O,5.92251770952997,3.62460046966604,246.6334101396426
CCCCCC(=O)CCCCC,5.685659828604893,3.6735538033458273,248.7558155550124
C[Si](C)(C)O[Si](C)(C)O[Si](C)(C)O[Si](C)(C)C,6.216849809839407,4.249874962276423,212.37626349563476
C[Si](C)(C)O[Si](C)(C)O[Si](C)(C)O[Si](C)(C)O[Si](C)(C)O[Si](C)(C)C,7.220455432886879,4.579833835729456,222.2234949179838
CC1CCCC(=O)C1,3.1352537326455696,3.783965974005955,309.1948811662485
CC1CCC(=O)CC1,2.973432696642618,3.867300671786774,318.60463738396356
c1ccc(-c2ccccc2-c2ccccc2)cc1,5.2799482748629405,3.884219500500764,317.7337636505348
CC(C)NC(C)C,1.5840251506903291,4.999999999926581,319.3534700039777
C#CC(C)(O)CCC=C(C)C,4.34419401163839,3.831141319553527,261.37115078567695
C#CC(C)(O)CCCC(C)CCCC(C)C,3.1118246836535106,4.99999999999919,389.7677556854056
CC(=O)C=CC=C(C)CCCC(C)CCCC(C)C,3.6047367174097418,4.99999999997041,381.9782521503487
O=C1OCCO1,3.4176539301553763,3.0426850178019684,369.1920623104513
O=S(=O)(Cl)Cl,2.8472817063233307,3.323136705971689,258.677654503819
CC(=O)OCCC(C)C,4.7300945617236625,3.462610654225971,228.7434615704688
OCC1CCCO1,2.3491608051356536,3.925399994981316,366.26867874212087
OCc1ccco1,2.80881852482532,3.5503573627256015,326.9909674842431
CN(C)CCO,2.8948228495994313,3.652168442311927,289.4601738920536
CC(N)CN,3.045765495728384,3.394392264209756,279.4415607301455
COCCOCCOC,4.650822769350377,3.4492125642960083,244.80614523585135
CCOCCO,4.520524022992436,3.0526160392234187,239.53942371885037
FC(F)C(F)(F)C(F)(F)C(F)(F)C(F)(F)C(F)(F)C(F)(F)F,5.254695582447754,3.687868076693982,186.47855737848533
C=CCOC(C)=O,4.178706151514684,3.222790270245003,226.6538573174154
O=C1CCCCC1,2.704258095631459,3.767543801476033,329.98354702321217
CCC(C)O,3.8006841730858754,3.186116942858737,220.21995102346523
CCC(O)C(C)C,3.226486832636998,3.762076647373642,251.39062643106325
COCCOC,3.538313995567558,3.3581748683235935,234.85579008916048
CCC#N,2.3688137199241903,3.437437884754835,312.89898500761376
CCCC#N,2.954798800291432,3.42549891061201,284.1568789089711
FC(F)(F)C(F)(F)C(F)(F)C(F)(F)OC(F)(F)C(F)(F)C(F)(F)C(F)(F)F,5.952992009366087,3.776720216458637,175.7533981897671
CCCCO,3.5519172522859024,3.277990400039727,236.96938544012696
CC(C)CO,3.7735396695555337,3.207305831466971,225.23824773068705
COB(OC)OC,4.08728563066009,3.2386617259395667,206.23836834308725
CCOB(OCC)OCC,4.490019226938711,3.659763963882391,220.57464264844748
CCCCCOC=O,4.606773051188515,3.3403439371353683,225.50613381065793
CN(C)C(=O)N(C)C,4.035292661513225,3.4475208214815463,275.78605529446827
FC(F)F,2.682371760118599,2.819026973667514,148.93184916970367
CO,1.0000000001385776,3.870122476116043,295.9449165837535
CC(Br)CBr,2.711258120565351,3.747836961777176,318.37744240661175
CCCCCCCCCCCO,4.163604966368955,4.160804214414355,282.1887966061271
CCCC(C)=O,3.383945897075705,3.463787229062829,252.30101521893351
O=C1CCCC1,2.9695623257859216,3.443968985781124,297.6288465621329
C=CCO,1.7975938806205285,3.762780093568778,286.5307668330632
C#CCO,2.86761740587226,3.0442524577668317,302.41029987887225
C=CCCl,2.581275796897647,3.418238531045867,252.5587939956712
COc1ccccc1O,3.724036346801953,3.476019586747543,306.9120996449068
CN(C)CCOCCO,2.5898305413008575,4.242861846187742,274.56133126912533
O=[N+]([O-])c1cccc(Br)c1,3.5024829969454654,3.657171886714381,352.2890609202999
Cc1ccc(C=O)o1,3.631319857456056,3.371648084356216,302.7492179310998
O=C(OCc1ccccc1)c1ccccc1,4.80617738020253,3.855439731218475,327.1500721710832
C1CCOCC1,2.6091751831609664,3.673164055754789,282.3538809511724
CCOC(OCC)OCC,6.123296688503126,3.2683533875224535,203.54307979717532
CCCCCBr,1.4009414536200246,4.999999999999902,442.69135801444554
CCCCCI,3.8154491633642658,3.5878407467620255,265.05866023495525
CCO[Si](C)(C)OCC,1.9203553715358284,4.999999999854572,340.41614437157386
CCCBr,2.6308816381169304,3.5523452881954887,268.80236654238263
OCCCCCCO,4.388963260519585,3.431247909094328,288.6947525010951
CCc1cccnc1,3.448602533658762,3.5716022600430324,291.5758905947748
COCCOCCOCCOC,5.491073705186431,3.563893219295371,253.75747514498897
CCCNCCC,3.9568382504345,3.5571542743417166,231.51643933783265
C=CCCCCC=C,3.6048509063309577,3.808255917513826,246.37149117189352
CCCN(CCC)CCC,4.183426323078972,3.922474372892975,246.948535624455
CNN,4.054770357667465,2.566672688219928,233.3328630826805
COC(C)COC(C)CO,4.586358255717563,3.5996651065872305,259.3150287149059
CCCCCF,3.251755163599693,3.54075002141957,228.62192335282649
C=C(C)C#N,1.2492882083048762,4.603986350958098,445.8981937148745
BrC1CCCCC1,2.9542863734850004,3.853962516414996,317.19720547777456
NCCCN,3.1149997642531195,3.356093857186253,278.26093812590716
CN(C)C1CCCCC1,4.4265274815967,3.56787508611757,249.14099646003592
Cc1cccc(Cl)c1,3.0371594060755616,3.7727885916056527,310.929656170542
Cc1ccc(Cl)cc1,2.978319418965521,3.802247097235778,314.14771573689757
CCCCC(=O)OCC,4.517246583463086,3.5241782764316296,236.18590702034297
CCCCC(=O)OCCC,1.896073915256344,4.999999998724261,393.7418942336227
CCCOCOCCC,2.685829272772776,4.320460115557018,302.9821872971402
CC(C)COCOCC(C)C,4.685770843063846,3.807111455235239,237.58760697955404
C[Si](C)(C)N[Si](C)(C)C,2.3433513360190066,4.979566222084056,296.0788383697101
C1CC2OC2C1,2.8157382628789107,3.454937225585455,283.0806734453496
FC(F)(F)C(F)(F)C(F)(F)C(F)(F)N(C(F)(F)C(F)(F)C(F)(F)C(F)(F)F)C(F)(F)C(F)(F)C(F)(F)C(F)(F)F,7.967032774381417,3.824045807527938,185.39180006219112
c1ccc2[nH]ccc2c1,7.5399345086341505,2.6877086543521256,245.3732078414854
CC(F)(F)CC(F)(F)F,3.974845758004747,3.2776066454922317,190.76163674581724
CCCOCC(C)O,3.5459854222777394,3.741465221293113,264.36331463189816
C=COCCCC,3.4881271130582014,3.6210839724357102,238.17714948462293
C=CC(=O)OCCCC,4.075326323497535,3.605776327533936,250.6772591274525
CCOC(=O)C(CC)C(=O)OCC,7.312462458459539,3.2400341345129187,215.56666771820443
CCCCCC(C(=O)OCC)C(=O)OCC,6.898484105961269,3.609190348702788,234.1028772068289
CCCCCC(=O)OCC(COC(=O)CCCCC)OC(=O)CCCCC,9.999999999994026,3.8070686641085145,244.14026190425787
CCCC(=O)OCC(COC(=O)CCC)OC(=O)CCC,8.911062811182205,3.5642741312167483,236.8904643749507
CCCCCCCCCC(=O)OCC(COC(=O)CCCCCCCCC)OC(=O)CCCCCCCCC,9.999999983543828,4.410956293143667,258.0493462954911
CCCCCCCCSCCCCCCCC,7.340087858518702,3.88304068446788,261.91292487234307
CCCCI,2.1013428647638177,4.232080474132491,353.8845951341963
CC(C)c1ccccc1Cc1ccccc1C(C)C,5.567947898221716,4.098669417354026,303.7835383176814
CC[Si](CC)(CC)CC,3.9745166240252874,3.981918135750262,251.83165261549357
CCCCCOC,3.4504847634668563,3.7009955385733138,242.41984760923583
C=CCOCC=C,7.893904105120906,2.711287476237057,162.31381385264223
C=C(C)C(=O)OCCCC,4.12568841391383,3.7350969666868776,256.9165346697789
FC(F)OC(F)C(F)(F)F,3.584016787867537,3.3571158198431315,188.80061182499043
O=[N+]([O-])C1CCCCC1,3.7458872963698586,3.5696964173088133,301.07096846515276
[3H]O[3H],1.6805691346616016,2.5000000000506386,450.0360441231579
Nc1cccc(Cl)c1,3.027120745486783,3.7124500944310057,359.66838063675567
CCCCOC(=O)c1ccccc1C(=O)OCCCC,7.073712098886848,3.7718928508425735,272.28468579660216
NCCNCCNCCN,1.8016118601189464,4.999999999407946,544.9098199805192
CCOC(=O)c1ccccc1O,1.917531438599404,4.855772089645062,460.48323615533286
Cc1ccc(C(C)C)c(O)c1,2.0987761504677698,4.775936609197696,434.8747723371118
[O-][n+]1ccccc1,4.469092487017918,2.949574780859161,329.99550135749973
Cc1ccc[n+]([O-])c1,1.224611401561523,4.968065683947716,710.6561081003106
Oc1ccc(Cl)cc1,4.0049959943798665,3.281934283771264,307.82142051351127
Clc1ccc(Cl)c(Cl)c1,3.3615849320733746,3.741323190940064,329.5125708049411
CCCCOC(=O)C(=O)OCCCC,2.3832617804784,4.999999999999986,400.7058097732289
CC(C)(N)CO,3.8844437907748377,3.255300359326884,257.7387512697388
CCCCSSCCCC,4.242702637393418,3.977504830178058,293.46570880449053
COC(N)=O,2.6698391027975825,3.263667769746431,372.9239714664705
CCOC(N)=O,1.015674398056254,4.999999999603897,632.5729980779655
CC[Sn](CC)(CC)CC,4.683432122509778,3.854348027191546,250.5476231578945
C[Si](C)(C)O[Si](C)(C)O[Si](C)(C)O[Si](C)(C)O[Si](C)(C)C,6.767354126683204,4.421265931837272,217.57295943342143
CC(C)CCOCCC(C)C,2.28943099458003,4.9999999998835705,352.9088430235598
CCCCCCC(=O)OC,5.023383079211278,3.520463941734833,236.4730013575924
CCCCCCCCC(=O)OC,5.320857510045262,3.694598462257901,248.50101157933804
OCCCCCO,4.273191842037695,3.290870708592794,286.9581257627307
Clc1cccc2ccccc12,3.341417229948865,3.8991045896243057,360.8109060365431
O=[N+]([O-])c1ccccc1O,1.2802131042476952,4.999999999874045,579.3613125963363
CCO[Si](C)(OCC)OCC,2.184879508954171,4.999999968754139,337.7176652617061
O=C(OC(=O)C(F)(F)F)C(F)(F)F,6.5754987659551425,2.866429697558605,147.4625058538798
ClB(Cl)Cl,2.0582689976990656,3.735032926670197,256.03150263552726
CCN(CC)CCO,3.733279435019933,3.657170204658573,271.99811573326775
O=CN1CCOCC1,3.5743177078964794,3.436121761989707,344.1685139201797
CCCCCCNCCCCCC,2.708840714435377,4.999999999879662,368.23632508130873
CC1CCCCC1O,3.4478048310764065,3.6989269985400126,282.40900335534104
N#Cc1cccnc1,3.1330815935381153,3.509869374201183,345.22494407852105
Clc1ccccn1,1.248436279247241,4.814988653524596,550.5784460803673
ClC(Cl)(Cl)C(Cl)(Cl)Cl,4.889757847883786,3.268652821490745,255.6699826812069
CC[Pb](CC)(CC)CC,3.8012318046676423,4.1833170300505955,293.6419192614107
CC(=O)CO,1.9682151354731323,3.6832646356411423,406.5686029142597
CCCC(=O)OC(=O)CCC,5.218595343995824,3.4955885197960845,248.3494445818452
CCCI,2.1804242872707382,3.932526362923949,326.4242635378091
CC(C)I,2.1614404220472503,3.965502608962854,315.1707826502261
COC1CCCC1,3.0489460905989336,3.6968048066073025,267.5329234834028
CCO[C+]1CCCCC1,1.6381696346362593,4.999999999996442,407.6057824668353
CCO[N+](=O)[O-],2.9432829601449892,3.333575085602226,252.9967801502164
CC(=O)Oc1ccccc1,4.096933314578459,3.498267054755341,285.11156762866943
CCCO[N+](=O)[O-],3.527307538346664,3.3489368016425667,231.24954791130543
CCCCO[N+](=O)[O-],4.4259561474609495,3.265713410023971,208.68222074047395
C/C(C(=O)[O-])=C(\C)C(=O)[O-],4.805056078266325,3.2860520788769954,266.17251380690766
COc1ccccc1N,1.3427097209395866,4.999999999935634,577.3311936927596
ClSSCl,1.6967059179320867,4.066669059687177,426.42207088045166
CCCCCCCCCCCCCCCC(=O)OC,6.852324629742342,4.011836091766112,268.71253109485053
CCCCCCCCCCCCCCCCCC(=O)OC,7.517739137790974,4.025382659979298,269.74087274049157
CCCCCCCCCCCC(=O)OCC,9.999999999800789,3.2910580146266897,212.6921878809648
CCCCCCCC/C=C\CCCCCCCC(=O)OC,8.144423900554072,3.888224920407723,259.42368798257496
CCCCC/C=C\C/C=C\CCCCCCCC(=O)OC,6.8516084858188,4.1055126280724625,277.887908488511
CCC(Br)CC,1.4004779574434203,4.9999999917555815,432.08595874687506
CCCC(C)Br,2.1721462153215914,4.276880054792252,333.42364055185635
CC12CC3CC(C)(C1)CC(C)(C3)C2,3.179695674991448,4.448742857164524,321.90208220719563
CCCCOCOCCCC,4.687081288987535,3.8048930117458384,247.22410057465265
CC(C)Br,2.4061477722284996,3.687849991521921,272.26735140833523
CC(C)CBr,2.7592242080667937,3.7401967970915457,273.27178459469906
CC(C)CCBr,1.407562454233682,4.99999999841278,433.9909271279687
CCCCCCCCBr,1.9940847751178827,4.999999996804645,416.6693335929425
CC(C)CI,2.830936230736695,3.800190541507008,290.6965490090721
CC(C)CCI,2.1593241940135224,4.400777612762779,359.9694214509941
CCCCCCCCI,6.513269000362699,3.350538728896028,235.42171140313803
CCCCCC(=O)OCC,4.612357705513116,3.6419795118896503,244.6435802359015
CCCCCCOC=O,1.6981986025671578,4.999999999999968,408.01534093622655
CCCCCOC(=O)CCC,2.0972929478331928,4.999999999995259,384.0921721324646
CCCCOC(=O)CCCC,2.062068362299015,4.999999999647256,392.3028776116294
CCCCCOC(=O)CCCC,3.726893516785762,4.214068874331672,292.0880026989663
CCCCCCC(=O)OCC,5.086512553595201,3.6459757655451703,242.95659498966387
CCCCCCCC(=O)OCC,5.422578847405129,3.679032022881171,244.41439968870247
CCCCCCCCCC(=O)OCC,6.080505008050516,3.742040079325654,247.8019372472016
CCCOC(=O)C(=O)OCCC,2.1242550571133236,4.88933903619962,412.86549573301454
CCOC(=O)C(C)C(=O)OCC,5.462532307511827,3.482809362355267,242.27382008950255
CC1CCC(C)O1,2.804721237860736,3.841726769010929,268.3901142027301
C=CCc1ccc(O)c(OC)c1,1.8349863822816417,4.999999999828071,488.7407163799755
CCC(C)c1ccccc1O,3.723032430961352,3.90827374869586,306.80200921570065
NCCCNCCCN,6.7006565707634635,3.071721905013096,219.30196114634165
CC1CCC(=O)C1,3.4871287003386175,3.470816147260422,275.69453524107826
Cc1ccccc1Cc1ccccc1C,3.9149802501757094,4.198204214391396,342.7584183876447
C=C(C)C(=O)OCC,3.678518504030944,3.5564468124706248,249.14516209946336
C=CCOC(=O)CCC,3.377788574466018,3.8493007294852912,273.8138471100282
C/C=C/C(=O)OC,2.1415605561150723,4.081770772277054,343.3415326091065
C/C=C/C(=O)OCC,4.738203958504291,3.2571772142177275,231.02653911410627
CC(C)=CCC/C(C)=C/CO,7.600208640901249,3.14035169645584,224.1667344897469
CO[Si](C)(C)OC,7.304349886374668,2.8242682398016448,160.8828654463422
COC(F)(F)C(F)(F)C(F)(F)F,3.7309593059409623,3.548738898755821,188.2989745492415
C1CC2C3CCC(C3)C2C1,3.088003450825016,4.040395247447236,319.1867966678213
COC(F)(F)C(F)C(F)(F)F,4.774903632782189,3.190980679136778,179.46477344354372
CCOC(=O)/C=C/C(=O)OCC,1.9127313149611291,4.999999999502159,443.2596760581757
CCOC(=O)/C=C\C(=O)OCC,6.166491403926493,3.295669295884794,243.10475109066417
C=CCBr,2.391230925804814,3.590459994634127,285.7593492389536
OCC1CC1,1.0000000001378162,4.89250794209315,561.6800405265167
CC1CCC2CC1C2(C)C,3.441819605952398,4.002601632532768,285.91738747999193
COP(C)(=O)OC,4.390576795804284,3.220628060001234,268.6729082633703
O=C(O)C1CC1,2.602572628105712,3.5472206789443503,329.7393586645941
CC(=O)C(F)(C(F)(F)F)C(F)(F)F,4.0168594439315815,3.537931615724819,194.37119893978564
CCc1ccncc1,3.765043944641801,3.4625263105387787,278.01156337784687
CCSc1ccccc1,3.8416466359216073,3.667535180974776,299.41627294232416
CCOC(=O)CC(C)=O,2.4225710928368045,4.204201940166852,365.99800843396827
CCOC(=O)C(C)O,3.2149857853270527,3.691819141740025,279.7217427629156
CCN(C=O)CC,3.37887100747982,3.5902480973830597,305.6072958814224
BrC1CCCC1,2.984638011132281,3.656050884625981,297.6106816037891
CCO[SiH](OCC)OCC,2.0204694685585656,4.999999999962188,346.34378954366457
CC(C)COC(C)OCC(C)C,3.097413273737514,4.550731423347151,295.98159936785817
COS(=O)(=O)OC,3.0928374195664676,3.5200925315467995,335.0127209794439
COC(=O)C=Cc1ccccc1,1.7798747299464572,4.999999995803525,513.0070049362881
O=S(=O)(Cl)c1ccccc1,4.98789688760382,3.3055068876274203,286.9385776563345
O=C(Cl)c1ccccc1C(=O)Cl,1.9831953623668168,4.784160728226701,503.7325782982514
Cc1ccccc1C#N,2.7051529476884815,3.950565561300886,365.62923991019215
Cc1ccc(C(C)C)cc1O,1.8191893853736087,4.9999999928911025,479.84594016515314
O=COC1CCCCC1,3.611686803416264,3.6564541700016857,279.5898012730501
FCC(F)(F)OCC(F)(F)F,4.883599386141027,3.1653340003623525,184.47867854476493
FC(F)C(F)(F)OCC(C(F)(F)F)C(F)(F)F,5.326433386739241,3.453367439005635,174.4037768599239
CCOC(F)(F)C(F)(F)C(F)(F)C(F)(F)F,4.498515204992831,3.692803886803813,190.28153906785468
CCCCOCCOCCOCCCC,4.359481907697694,4.313275965294043,295.83616863319276
OC(CCl)CCl,2.053557583328733,4.040464463747747,410.58366636531554
COC(=O)C(Cl)(Cl)Cl,2.793803002203859,3.8880168997032127,318.16122064264084
CCC(C)Br,1.2274288671114402,4.98607085937079,439.53660006458387
CCCCCOCOCCCCC,2.5643563068373547,4.999999989374398,363.3250029301952
CCC(CC)=NO,2.738837957544457,3.8802180662017385,314.0948961834663
O=C(O)C1CCC1,3.4184579932146257,3.424534670858308,302.35319134978056
C=C1CCCCC1,1.3398267622717737,4.999999999971358,429.24830611682546
CC1CCC(O)CC1,1.4553840460507506,4.9999999990263815,486.194033726239
CCOC(=O)C(Cl)Cl,1.414103870661874,4.999999999960815,477.0293985570806
CCOC(=O)C(Cl)(Cl)Cl,1.7048065867925848,4.8777267361871735,431.7238236857429
CC(O)COC(C)CO,4.93086604646977,3.3652802329116476,270.2007031660538
COC(=O)CCCCC(=O)OC,7.332068832048674,3.115942222515584,227.93951717993343
O=[N+]([O-])c1ccc(F)c(Cl)c1,3.8520367551391823,3.5202901161487175,318.35362482413507
COS(=O)OC,2.7630434506568045,3.5597466695491153,306.1824395910671
CCCOS(=O)OCCC,2.198535291931633,4.7270084499865765,385.8477172044213
CCOS(=O)OCC,3.6773501020431714,3.616443894821756,275.0876429260136
CCCCCCCF,2.274735368515095,4.446165893793053,319.6807770863178
CCCCCCCCF,2.745899791368637,4.330483845200609,302.92387161059514
CCOC(=O)C(F)F,3.365098874213988,3.4619752570155,249.15321294013827
Cc1ccc(C)o1,3.3790362682340165,3.4549973347620244,246.48911237920908
COCCC#N,3.450261756842437,3.3197615473260376,297.1217566075083
CC(=O)CCc1ccccc1,1.7761840021087938,4.999999999966148,487.382682255847
CC1CCC(C(C)C)C(O)C1,4.004313926626574,3.9574729081130657,269.882425458352
COC(=O)CCCC(=O)OC,1.7303821297073516,4.999999999992237,471.6924572976865
CCOC(=O)C(F)(F)F,4.35930683867057,3.229619291476018,192.2230271941479
CCNC(C)=O,3.6878362132832536,3.325802769078349,308.4597366633267
CO[PH](=O)OC,3.5866849486770787,3.3022970127561444,296.1987493715452
Oc1cccc(Cl)c1,3.7395571992952377,3.3678706841866397,318.54707863259546
CCSC#N,2.6295720548263417,3.579631618355732,324.79692414967747
OCCOc1ccccc1,7.46423587696194,2.84716684003044,238.10478457813187
COC(=O)C(Cl)Cl,2.905531204975964,3.659179286688615,307.6078323005785
CC(O)CN,3.173739245654261,3.2799351368231777,295.1934140494653
CNC1CCCCC1,3.964946236976925,3.534030418062308,257.2345398086687
Cc1ccc(C(C)(C)C)cc1,3.725797371023274,4.002739452340984,288.48919632677325
OCCSCCO,6.244908837811844,2.86184739440008,283.11489537913366
O=Cc1cccs1,2.8387184507534498,3.5907190790249968,359.1317810767141
CC(=O)c1cccs1,3.8579150161867983,3.405198196129274,310.18338109143633
FC1(F)C(F)(F)C(F)(F)C2(F)C(F)(F)C(F)(F)C(F)(F)C(F)(F)C2(F)C1(F)F,4.6142171743812135,4.0435999983889115,222.7388060578907
CCCCOC(=O)CCl,1.6312887391770745,4.999999999069391,456.31894327830935
FC(F)(F)C(Cl)CCl,1.620796512523137,4.5514490366360665,349.39741961253293
CCC(C)I,1.3176512837566612,4.999999999994065,452.989810662805
CCCC(C)I,2.4706969207884075,4.186557174782613,327.9912772506517
CC(=O)Cc1ccccc1,1.5826544963152245,4.999999999940826,504.0825890007154
CNCCCN,2.9392939802565134,3.671515710250469,292.71428388197444
FC(=C(F)C(F)(C(F)(F)F)C(F)(F)F)C(F)(F)F,4.789697768057241,3.550451991156081,170.3673708596251
COC(C)(C)CC(C)(C)C,3.787900501267271,3.992139303105625,253.79003228138183
CC(=O)C=CC=C(C)CCC=C(C)C,2.4440046694097535,4.999999999694602,410.4801976893779
CC(=O)CCCC(C)CCCC(C)CCCC(C)C,3.7158078662197975,4.999999998248904,364.70458390989813
CC1CCC(=O)O1,2.9249286278185807,3.6018223543311727,357.97059708444533
CCCCCN=[N+]=[N-],1.5217427268716748,4.9999999999933475,321.5736366326415
CCCCCCCI,3.960030491504979,3.860090385867091,287.2431184175338
CC(=O)c1cccc2ccccc12,4.676281299021535,3.605793936197388,321.9397773243951
CON=C(C)C,5.026793764423555,2.9441586290898636,189.48721089673347
C=C1CCCC1,1.6947900509734144,4.381627450613474,347.4799454201176
CC1CCCC(O)C1,1.453736048310544,4.999992331798167,486.8356506024024
CCCCCC(=O)CC,1.7811228552196556,4.999999998858756,415.8567229242756
CCCC(=O)c1ccccc1,1.7678908825825128,4.999999998717035,479.9737032664004
CS(C)=O,2.854058647349925,3.2931955882740653,360.39154020784
CC1CCCCC1,2.6643315242424306,3.993978160173037,282.03909766533866
CCCCCCCCCCO,3.1734796444743534,4.4450585194799395,306.35512022810246
CC(C)Oc1ccccc1,4.026030674274556,3.6656014754618154,271.4771775371114
OCCCl,1.997541004683468,3.645617821335516,365.4857772762493
C#CCCCCCCCCC,3.9767213760950377,4.087662353535714,277.773232783263
C#CCCCCCCCCCC,5.268487311203971,3.808933276243174,250.9434224696196
C#CCCCCCCCCCCC,5.580174985943917,3.8378247419369504,253.0105424532288
CC1=CCCCC1,2.8860561992723013,3.79997610589026,279.2873486707848
C=CCCCCCC,3.573155098304907,3.867222448197345,249.5856826590447
C=CCCCCCCCCCC,5.181284372680009,3.876449392860086,250.69581786230535
CC1=CCC2CC1C2(C)C,3.2158718490942912,4.067897675164842,288.1840965532124
C=C(C)C1CC=C(C)CC1,3.680490900011237,3.917748301938523,281.1132516948462
C=CC(=C)C,2.473751771858317,3.698050019622139,244.50176909590212
C=CC#N,2.402609874425772,3.320146364293245,294.73954482505064
CCCCC(=O)O,4.354415131282863,3.2807571283415227,258.0920606739986
CCNCC,1.1786148019973348,4.999999998447434,339.07401818266925
CCN(CC)CC,3.3712617504076907,3.7590085580413417,237.4367466429041
CCCCN,3.621147363814163,3.270629049084799,227.6882078595536
CCCCNCCCC,3.919980476737414,3.88077442963022,258.5417725131393
CCCCCCCCOCCCCCCCC,9.999999998054497,3.4703632514555416,214.13941170722285
O=COC1CCCC1,3.504253551410617,3.5287540825805843,271.2233607014286
IC1CCCCC1,2.638580350685324,4.114076902349378,358.38931656122776
CCCCOC(=O)OCCCC,4.234608150739285,3.945223137203533,276.1942931851368
FC(F)(F)C(F)(F)OC(F)(F)C(F)(OC(F)(F)C(F)(F)C(F)(F)F)C(F)(F)F,5.484566809565834,3.9450685410956567,178.13905190075576
CO[Si](C)(OC)c1ccccc1,2.081892481326274,4.999999999640217,404.4195540996187
CC(C)[C@@H]1CC[C@@H](C)CC1=O,3.501427632875575,4.102979288188287,308.39672988224817
CC1=CC[C@H]2C[C@@H]1C2(C)C,2.420709150579524,4.50239160944912,338.2345292095241
OCC1CCCCC1,4.032002221909991,3.5018153860930004,263.4409442013912
CC(=O)OCc1ccco1,4.414144177338203,3.3823880686273515,265.5843062053158
COC(=O)CCC(C)=O,4.524392718253917,3.358130491961756,271.8258825129551
CCOC(=O)CCC(C)=O,5.158991065651772,3.3595777290387296,256.41062429037663
CCCCOC(=O)CCC(C)=O,6.079060735110566,3.4199890065375325,249.94357712427515
CC(=O)C(F)(F)C(F)(F)C(F)(F)F,4.480605725240184,3.411286655003609,189.4330819695614
CCc1ccco1,3.112007508273309,3.552086699876539,256.18337614914003
CC(C)=CCCC(C)CCO,2.6616473630818107,4.574539862571541,255.65925878839505
CCC/C=C/C=O,2.7968583180437774,3.850995199276661,311.2455221912347
O=C(C(F)(F)C(F)(F)F)C(F)(C(F)(F)F)C(F)(F)F,4.481689369593202,3.7104415035017304,175.89885477860798
COCCCOC,3.447720705669664,3.4322575386330185,289.31203595969885
c1ccc(C[Hg]Cc2ccccc2)cc1,5.711544602813593,4.5378362762833095,312.1249036697176
COCOCOCOCOC,4.540903703839171,3.6077918119928505,268.6681543261832
CCC(=O)OCc1ccco1,5.0799114565524315,3.358397069381893,251.7453722708198
CCCC(=O)OCc1ccco1,5.17443827531438,3.488283395280845,256.7211348121025
OCc1cccs1,2.4180819788067307,3.8781445718600462,372.21247175504527
FC(F)(F)C(F)(F)N1C(F)(F)C(F)(F)C(F)(F)[C@]2(F)C(F)(F)C(F)(F)C(F)(F)C(F)(F)[C@@]12F,6.458335577725345,3.7806939924345926,200.7954038064246
CN(C)CCCO,1.3944471639881808,4.926508748595278,305.59966307292217
CC(C)NCCO,4.369370903059838,3.318912347201892,250.09026958092943
CCCCN(CCCC)CCCC,2.700157912208077,4.999999999059632,348.1708207838248
CC(C)N,3.148447613564293,3.2147574256921017,215.6920310024369
NC1CCCCC1,3.1536335615181392,3.667804652602433,283.81836993390573
[2H]O[2H],1.6794814011213584,2.50000000000122,443.21142028105066
O=Cc1ccccc1,2.8885504305997083,3.676994573376669,337.79374478804925
Cc1cccc2ccccc12,3.434025203605957,3.87787040320644,344.34021949688963
Clc1ccccc1,2.673937141351514,3.7352109884456617,313.5276472759165
CC(=O)C1CC1,2.5063557805137395,3.7062170081467385,311.10344866813386
FC1(F)OC(F)(F)C(F)(F)O1,3.13673081673245,3.476225245203106,170.08266092149043
CCCCCCCCCCCCc1ccccc1,3.2048173184243556,4.999999999679389,380.0449535655369
COC(C)(C)C,2.9294581595112463,3.7107384404903865,234.50839167633475
OCCNCCO,7.909413596073758,2.5599788515725295,249.55154397138725
OCCOCCOCCO,5.149943080234966,3.361233228647267,301.0652830009093
C=COC(C)=O,3.4151182402870086,3.259456869006132,233.59395957271465
COC(=O)CCC(=O)OC,4.976051817408785,3.3048863570172107,258.74278045246155
C=CC(=O)OCC,3.742967613204578,3.3564273067519736,237.07836835898516
CCCCCCC(C)=O,3.976336445380312,3.7773098789426474,268.6606359014087
Brc1ccccc1,2.6396586915694953,3.8092673822839074,335.0377759619746
Nc1ccccc1,3.415199131583072,3.3607899867704125,311.8150828078363
OCc1ccccc1,2.6842020791589505,3.8467124570472233,347.7180444348287
CCC(=O)O,2.450691668113959,3.531597039251566,328.00354444887193
CCCCCCC(=O)O,4.431945366608773,3.5762267295635537,264.50898160759505
CN(CCO)CCO,3.549272875830245,3.6205657764646153,315.64481358662636
NCCCO,3.1291107139006904,3.2139372037140346,230.6057244657308
Oc1ccccc1Cl,3.6302341312724993,3.3924769579322938,292.83095727163777
CCCCOC(=O)CCC,5.421572596559922,3.433031974195335,225.16048370142153
CCCCCOC(C)=O,4.332058195520778,3.5761484792024385,242.6568732911617
CCC(C)(C)OC,3.157785332710636,3.7848581417096065,245.25048896486985
CCCCC(CC)COC(C)=O,5.1809985768557345,3.726170651564406,245.5726206604052
CCOC(=O)C(=O)OCC,5.020047024804931,3.3227411532549196,250.1501348894511
COCCO,4.15709472874132,2.9342958622912323,247.3887718972796
CCOC(=O)CCC(=O)OCC,5.826300102548741,3.40007023527287,245.8749447347024
Cc1ccco1,2.8171852068879977,3.450545972688779,253.42126773541415
CC(C)(C)C,2.3601568499842287,3.946893223736088,225.477763493518
c1ccsc1,2.381193653778648,3.54909160677549,300.44086878422695
Cc1cccs1,2.798317621803836,3.594070845946301,291.30422876873365
Cc1ccsc1,2.7497800388771623,3.618690687318795,296.46810241679145
Cc1ccc(C)s1,2.9809588288663456,3.736043423434124,295.3896860131744
CCc1cccs1,2.9368608285787365,3.7443827762787567,297.333099739617
c1cc[nH]c1,3.0402455350568207,3.1507576803089856,300.8494020540445
C=C(C)CC(C)C,3.05040752062165,3.907726626005257,244.77577486937227
C=C(CC)C(C)C,3.2119286369213063,3.812764993307198,242.01154321425796
C=C(C)C(C)(C)C,2.8630692559711077,3.9720631866758302,250.98303951816555
C=C(C)CC(C)(C)C,3.110850034626484,4.038833203787732,254.0294987457129
CCOCCOCCOCC,6.353953493127719,3.344203187341542,219.9280653718116
CCCC(C)C,2.9443597195588573,3.8376520851921287,235.265307567724
CCC(C)(C)C,2.605868404875185,3.998860678445243,243.2225252424219
CC(C)C(C)C,2.691693502149967,3.945083334711787,245.81318577503552
CCCC(C)CC,3.248009521731813,3.862383805507827,243.30245659968855
CCC(C)CC,2.889276224021865,3.847489421320612,240.39352768332867
Fc1c(F)c(F)c(F)c(F)c1F,3.7323929018464455,3.4013017661208664,223.2560968516867
C#CC,2.4180094548723083,3.130220503277511,208.0068970247008
CC(Cl)(Cl)Cl,2.506033585459611,3.7276811885148735,276.7261184600487
CCCCC,2.6510816436520654,3.7747264343648768,233.44934444436737
C[Si](C)(C)C,2.6772749601409744,3.959978298900997,220.84330039249073
C=CCCCCC,3.2349777700756057,3.8383879558600777,245.69196761635587
CCCCCCCCCCCCCCC,6.099078160343022,3.9767036868339334,257.4281971258819
C=CCCCCCCCCCCCC,5.878065950505613,3.906395384580975,253.3324856925142
C1CCC2CCCCC2C1,3.1760738493299217,4.092699346936403,319.07053873646623
C1CCC2CCCC2C1,2.9514062009577913,4.056601330213677,311.97906592508104
CCCCCCCCCCC1CCCCC1,6.292987347420279,3.938598482630737,266.7843998249655
C=CCCCCCCCCCCCCCC,6.051590319796157,4.044698022479994,264.8775380755404
C1CCCC1,2.3962504294258484,3.6923855708995577,263.76776837120764
[2H]c1c([2H])c([2H])c([2H])c([2H])c1[2H],2.5612233124422064,3.578605906585153,280.72070968151615
C[Sn](C)(C)C,3.027783045577176,3.889875454185809,243.49160971072524
C[Ge](C)(C)C,2.2987228795341927,4.2300485205447105,256.7889943258688
CCCCCS,2.59493022125868,4.049579861803439,301.05792438258374
C=CCCC,2.606186696247449,3.724592247691576,232.49817471215707
CC(C)C,2.1890404520748508,3.800836229663528,220.2529961754516
CCOC(=O)OCC,4.023818325640645,3.416500221824643,243.2313325924124
CCCOB(OCCC)OCCC,5.389370387539166,3.784963948806281,228.23728553519425
CC(C)OB(OC(C)C)OC(C)C,5.9249749408272825,3.6705628564253994,197.64206379732747
CCCCOB(OCCCC)OCCCC,7.720532668948204,3.5948536730050935,216.28553720689428
CC(C)COB(OCC(C)C)OCC(C)C,6.824563058761598,3.758034863136771,216.78574043780017
C=Cc1ccccc1,3.0469442427181006,3.7279422543170218,298.01200448878956
O=CO,1.5462165507336438,3.265083924911779,439.8186618294977
CC(=O)O,3.241371133987371,2.887328436568481,285.06631588522714
FCF,2.6031433761257494,2.748853529704643,180.27244552921528
CCCCl,2.533093895533988,3.534245638010085,254.92127116632173
CCCCCl,2.8360253966086613,3.630401575653389,260.1075648452676
CCCCCCCl,3.5396668334153047,3.728216080061072,263.111953777251
CCCCCCCCl,4.098800505881876,3.696097899915798,257.3422101691674
CCCCCCCCCl,4.185829509982257,3.8095409114942553,266.4450046018488
CCCCCCCCCCl,4.796424969316194,3.758921155161848,259.4229326716573
CCCCCCCCCCCl,5.178193437163829,3.776539305073396,259.3215459962637
CCCCCCCCCCCCl,5.45383154619453,3.816568748576739,262.09075837301447
CCCCCCCCCCCCCl,6.608897451141441,3.6599632096534114,246.69550714452936
CCCCCCCCCCCCCCCl,6.227653517170795,3.927915729402139,268.66851762407964
CCCCCCCCCCCCCCCCCl,6.352560188661243,4.069815252969738,278.0557889160098
CCCCCCCCCO,3.420305752522746,4.186078885060404,287.1917031066281
CCCCCCCCCCCCCCCCO,5.793814618421128,4.176525471000415,284.7704918311134
OC1CCCCC1,3.0265073886473117,3.676367831728552,293.16541144663097
CCCCCC(=O)OC,4.459750932205554,3.532152314154864,241.33793790875347
CCCCCCCC(=O)OC,5.200644809427528,3.606599063282037,242.7338523749601
CCCCCCCCCC(=O)OC,5.674277770467529,3.724662046764772,248.6401333738007
CCCCCCCCCCCCCC(=O)OC,7.020139084088354,3.815986955275477,254.31730919181288
